<project>
    <groupId>org.catapult.sa</groupId>
    <artifactId>s1_ard_pypeline-0.1.0-py2.py3-none-any.whl</artifactId>
    <version>0.1.0</version>
    <packaging>whl</packaging>
    <name>S1-ARD-Pypeline</name>
    <description>Processing pipeline for S1 ARD.</description>
    <organization>
        <name>Satellite Applications Catapult</name>
    </organization>
    <developers>
        <developer>
            <id>Wil.Selwood</id>
            <name>Wil Selwood</name>
            <email>Wil.Selwood@sa-catapult.co.uk</email>
            <organization>Satellite Applications Catapult</organization>
            <roles>
                <role>developer</role>
            </roles>
            <timezone>0</timezone>
        </developer>
    </developers>
    <properties>
        <project.build.sourceEncoding>UTF-8</project.build.sourceEncoding>
        <build.manifest.section/>
        <build.number></build.number>
        <build.revision></build.revision>
    </properties>
</project>
