<graph id="Graph">
    <version>1.0</version>
    <node id="Read">
        <operator>Read</operator>
        <sources/>
        <parameters class="com.bc.ceres.binding.dom.XppDomElement">
            <file>${tilepath}\${supplierId}.zip</file>
        </parameters>
    </node>
    <node id="Resample">
        <operator>Resample</operator>
        <sources>
            <sourceProduct refid="Read"/>
        </sources>
        <parameters class="com.bc.ceres.binding.dom.XppDomElement">
            <referenceBand/>
            <targetWidth/>
            <targetHeight/>
            <targetResolution>10</targetResolution>
            <upsampling>Nearest</upsampling>
            <downsampling>First</downsampling>
            <flagDownsampling>First</flagDownsampling>
            <resampleOnPyramidLevels>true</resampleOnPyramidLevels>
        </parameters>
    </node>
    <node id="Subset">
        <operator>Subset</operator>
        <sources>
            <sourceProduct refid="Resample"/>
        </sources>
        <parameters class="com.bc.ceres.binding.dom.XppDomElement">
            <sourceBands/>
            <region>0,0,0,0</region>
            <geoRegion>${polygon}</geoRegion>
            <subSamplingX>1</subSamplingX>
            <subSamplingY>1</subSamplingY>
            <fullSwath>false</fullSwath>
            <tiePointGridNames/>
            <copyMetadata>true</copyMetadata>
        </parameters>
    </node>
    <node id="Subset(2)">
        <operator>Subset</operator>
        <sources>
            <sourceProduct refid="Subset"/>
        </sources>
        <parameters class="com.bc.ceres.binding.dom.XppDomElement">
            <sourceBands/>
            <region>0,0,${size},${size}</region>
            <geoRegion/>
            <subSamplingX>1</subSamplingX>
            <subSamplingY>1</subSamplingY>
            <fullSwath>false</fullSwath>
            <tiePointGridNames/>
            <copyMetadata>true</copyMetadata>
        </parameters>
    </node>
    <node id="Write">
        <operator>Write</operator>
        <sources>
            <sourceProduct refid="Subset(2)"/>
        </sources>
        <parameters class="com.bc.ceres.binding.dom.XppDomElement">
            <file>${tifpath}\${count}_${confidence}_${supplierId}.tif</file>
            <formatName>GeoTIFF</formatName>
        </parameters>
    </node>
    <applicationData id="Presentation">
        <Description/>
        <node id="Read">
            <displayPosition x="46.0" y="141.0"/>
        </node>
        <node id="Resample">
            <displayPosition x="180.0" y="138.0"/>
        </node>
        <node id="Subset">
            <displayPosition x="303.0" y="139.0"/>
        </node>
        <node id="Subset(2)">
            <displayPosition x="417.0" y="136.0"/>
        </node>
        <node id="Write">
            <displayPosition x="534.0" y="136.0"/>
        </node>
    </applicationData>
</graph>
